x1,x2,x3,y
-0.48587076049862166,-0.24054830049430098,0.5131961378106233,-0.22604141346899195
-0.2595222005928626,0.47530841633935816,0.672502448105216,0.285606062241736
0.1827519202876191,-1.0,0.11384099701671513,2.1063587468347023
-0.7899049706945216,0.9200688711722651,-0.7218985380406806,0.7634134977145606
-0.0019439250046544565,1.0,0.23747788037140172,7.866737686455779
0.8576842789324415,-0.5081786634033851,1.0,0.3944332765471209
0.2939230903321053,0.4592353899150088,0.117116287501013,1.0098301381322001
-0.08445460685487527,-0.914580862847328,0.2967880661417617,1.707231252678401
-0.702660947182641,0.31350418706982364,-0.8133743700939142,-1.1384656048303163
-1.0,-0.17923603407494548,0.04517242148147127,-3.501882442223873
0.31799390512485837,-0.1365222302989073,-0.30959280263082656,1.328341186847276
0.36830862193027913,1.0,-0.186350013209587,8.863229915179453
-0.44266344917711886,-0.8246148918123046,-1.0,-7.775580203512771
-0.8146987245129056,-0.03655543892897595,-0.8978053521924236,3.4223108058579235
0.6822255218057727,1.0,-1.0,11.403567920569303
-0.22957488295976503,-0.8029578385195051,-0.8246512989677153,-3.119804454149289
0.9634879839744486,-1.0,-0.9657633831559069,-25.158562743259214
0.602258653119075,-0.8246301445660766,-0.8597479683803897,-5.336842537304052
-0.1038161395674444,0.8433475534250918,1.0,8.919113015025113
0.6737742276559426,-0.0791200626008961,-0.15933283922301889,2.027759358235586
0.9476071386478271,-0.10615923574210195,0.538730559408344,5.25472082380093
1.0,-0.4190225395482321,0.44235362107051546,4.645557845084468
0.9404382095533252,-1.0,1.0,-8.333201393296212
0.3552662768488237,1.0,-0.8715601683040486,9.644035761987244
-0.750843957362674,0.843370197649016,1.0,10.673380251411018
0.2945717308899274,0.5555683780002774,0.9069062991304435,2.471560599715176
1.0,-0.588625710445722,-0.19944011189415733,3.4783186230628766
-0.19848406380573635,-0.2149893287902347,0.03225761187771159,1.0773896333965869
0.7247087799597622,-1.0,0.974750820522388,-6.3234493652572965
-0.018809171203042707,-0.7099995843436273,-0.05994494518500315,1.2493908318604365
0.47430148975513364,1.0,-0.26442993202993503,9.39316812327594
0.4332246792100507,-0.6293867773960851,-0.6089877022452244,0.18483902367965094
-0.6415395145125657,-1.0,-0.19505381457624438,4.58843024632459
1.0,-1.0,-1.0,-29.31420622714476
0.725718662661462,0.32559129955103416,0.31481975128731143,2.2642102108718873
-0.2676758481023507,-0.29204216254012105,-0.9795193835764775,-3.2719056104746205
0.660502911874878,-0.5907889414101841,-0.1643358442213545,0.6880969176220291
0.4584437886720123,-0.1504870190386931,-1.0,-3.452332280895206
0.48692948855675855,0.17352097581803538,0.12518953222886786,1.431847175939219
-0.48982916309703595,1.0,-0.954273452830954,2.3967638015263404
0.8773463338049554,-0.7774986902148779,0.6078284604866266,0.2708334960309965
1.0,-0.10311027082618618,-0.10607992104703023,4.126556670923467
0.011093906381410612,-0.882277044645627,0.032518327039416706,2.9667966230550857
1.0,1.0,1.0,26.29179433473529
-1.0,0.0286888549600266,0.31183133498696836,-3.6103052492974768
-1.0,-0.9865476014582817,0.5669508501122316,12.721187956793118
0.4293964640577006,0.8347081279848667,0.2106955693510395,3.0304589717473576
-0.812768967936838,-0.22794335960778112,1.0,3.1047474167122937
0.10179300223347965,-1.0,-0.1230216817894263,3.124343010762293
0.26699190132392703,1.0,-1.0,5.6392556118214925
0.07317861876622711,0.2307338556851295,0.5821796056744581,-0.7730986417965506
1.0,0.33022788363441435,-1.0,11.463703108077626
0.16465332601114158,1.0,-0.6839108221769608,10.436835827946526
-0.4620298162882628,-0.606899286048646,-1.0,-4.373881535919547
0.1939158818551785,0.4891709094229133,-0.6733402999701299,0.2852626374026194
-0.9656128166714044,0.2636655349941339,-0.8833213931929735,5.76935926602696
0.0717326413422632,1.0,1.0,12.142013362972916
-0.3723252240599473,-1.0,-0.7337393956681539,-4.173161341224928
1.0,-0.5101412892773707,-0.3445327197072168,4.557041551514868
-0.37734551557891294,-0.07193590274565786,-1.0,-2.111268658600143
-1.0,0.04485450007011904,1.0,3.5665231179613968
0.9556480342478537,-0.640075201272069,-1.0,-3.3233407318177273
0.9205084759087583,0.04081795003897626,-0.4853865689584367,3.2629038249404743
1.0,1.0,0.36443868268524193,14.1328330480213
0.2207143359515984,0.17223118479425215,0.13863627720544192,0.7351572690684476
-0.216338221104039,1.0,1.0,15.435684763690148
-0.5812001071484241,-0.4315323063771035,-0.8888039634203388,-0.16132559640017494
0.10385814852331632,-0.7282589635731962,0.015732633838692056,1.5390777859713556
0.9217735000096727,0.012049145467553535,-0.8859696696026158,4.445587162894809
1.0,-0.5758826772647656,0.6314699169245959,5.0729925376191
1.0,-1.0,0.562909161808532,-6.330434015176282
0.32980744894552716,-0.02605986696702778,-0.1995968897305227,1.2548763276657062
0.08723134208227168,-0.4060971947336527,-0.8176892152239434,-0.21894176059390674
-0.5362104806044186,0.7191895475126018,0.3528192875982694,-0.4161039787796831
0.6858311680166311,-0.1335307527138332,0.9760400068007193,0.5447474088559245
-1.0,-1.0,0.3181735438146096,9.146453432187625
-1.0,0.6762007872964952,-0.7723636534132343,8.344334024050106
-0.025684518937761247,-0.5113384435501545,-1.0,-5.496887286813702
0.2702358186671292,1.0,0.8490028120644135,9.134391950974813
0.8884197035458798,0.23846957887636266,-0.7668300079883636,3.579566656601715
-0.5622020503012932,-0.014463130979915695,-0.4319667223742645,0.33919944227309184
-0.3319567421100662,-0.3700347287237069,-0.23630438590656988,0.4238257622311696
0.5140280079041808,0.29272251775873004,-0.22357821114794585,1.817240464329592
1.0,0.11504774083733293,0.04227640599485771,5.19641868360109
0.2623604716401331,-0.9024593307521682,-0.7041156048217077,-2.688237374137266
0.29707057627044975,-0.5739304960667406,-0.47278295687913174,1.4952222712511036
0.39193727456257954,0.23420359717743988,0.5376268650080784,1.1050200864038984
1.0,-0.5548681556450661,-0.4998406741083432,4.100754682402211
0.7617766471518672,0.2844197019613337,-1.0,0.12232307431326894
0.9256947127070168,0.26034083196116353,-1.0,5.669165239775574
0.9374165316245069,-0.7481784369922908,0.05883590045078679,0.34378590377200147
1.0,-1.0,1.0,-9.559068778040785
0.777683049179055,-0.3348543172019929,-0.04358648063226411,2.385321256247237
-0.395449840898739,0.27894813508760063,-0.5510722165454469,-1.2799216040994372
-0.7300401372131726,-0.5191897255179851,-1.0,1.363506806147564
-0.4320359459120313,-0.7027676518768455,-0.22607634315498615,1.7378662948763408
1.0,1.0,-0.6113190620006648,24.06756412568358
-1.0,-1.0,1.0,22.114959181604362
-0.9005459649495842,0.8390956047897309,-0.9706928263391092,7.879654764417242
1.0,-0.024567856326065618,0.1376245949370336,5.754140561016818
-0.9054101803193317,0.9376628720179214,0.8131901645508293,3.234825999438287
-1.0,-1.0,-1.0,2.5080095392122184
0.6355935429632988,1.0,0.654105226253543,7.4247146208479196
1.0,0.38032477445690094,0.7491658549465088,12.315218594651922
1.0,0.6189661375123765,0.7209407661527323,13.999184807754462
-0.8353466356762187,0.6454831900044566,-0.15116398863992964,-2.620613448668589
1.0,0.49625270031350954,0.09399357075211645,7.111077701030153
-0.6324014405954075,0.1446717541549003,1.0,1.4924697141748626
-0.606400423033912,-0.4732758728601487,0.12730450966562357,1.3072622628450041
0.24565759080867466,1.0,0.9247088187754908,10.49032447374901
-1.0,0.6327337627871441,-1.0,18.647175557559887
-0.2515110926828694,0.13650655915636856,0.5018008660561606,-0.8519295984174884
-1.0,0.5649913009875458,-1.0,17.853670267773207
0.738295148100774,0.2656366550496987,-0.017466388014627077,2.2748866030507706
-0.9377662714230259,-0.43979011829447434,0.09776384671261629,-1.0102009970133219
-1.0,-0.5946508465922211,-1.0,5.443005407728663
-0.8152493800584169,-1.0,-0.1941335433041862,6.69914952483807
0.9707591942628788,0.27644742245154963,-1.0,8.119377007398693
0.4038003332515827,-0.07057077369595621,-1.0,-3.987248333286055
-0.21938582918667482,1.0,-0.7100801602011289,8.09106891530293
0.23944959948789735,-0.775918892181461,-0.19717053634552806,2.1292902584599753
0.25084198271481317,-0.6833495877339897,0.7538525436043915,-1.1783083390280886
0.17764891991524223,-0.530970993287976,0.44604169021225015,0.40499189206503494
-0.8791579326122807,0.23072680351776187,-0.7380791700602394,1.1913502903184947
-0.584213666981211,0.3034881985176243,0.31139558930482414,-2.335983068202959
-0.5168517701909843,-0.4693954993182021,-0.44350966811292225,1.0652147930788374
-0.12986065476373865,-0.9428892449165318,0.5556826730312527,0.4674282761981815
-1.0,1.0,0.38864621728458326,2.7632051125321277
-0.009299061749136861,1.0,0.8384818855501006,9.716418396913397
-0.4432365965165217,1.0,0.45012868094253045,6.762782379222968
0.7426878401107362,0.6005792479720935,-0.7122114455830959,1.9200000226073775
-0.15059501964817534,1.0,1.0,14.135196674196864
0.3753197887465842,-0.4270850462237725,0.49299581646976787,0.16500925342932826
0.9136311805935149,1.0,0.22503537540947582,10.517534604820677
0.7330152430231434,0.709907976586807,0.08051965300088915,2.306542319339174
-0.5095607343597726,-0.7002026391825682,-0.40087397734053365,1.2237700455617233
-1.0,-0.9550065655909736,-0.727754071031167,2.731359548609711
-0.33618190942624393,-1.0,0.29117229269454525,2.7218706724753665
-0.40471568346877995,1.0,0.3616665078757004,6.521832101953534
0.4720988010703464,-0.07455349017505841,-1.0,-2.64253457561619
0.9146545092791398,0.6271234792018245,1.0,18.696663040511257
0.5708207973285297,-1.0,0.8446177526319949,-2.8494264988398066
-0.7680751231543244,-0.8877414436631688,-0.24764581115824313,4.689097368454103
-0.011896174273481552,-0.14051546099008427,1.0,0.016337998718882696
-1.0,-1.0,1.0,21.741985886927306
-1.0,0.7375194842695187,1.0,9.206450826961495
-0.15207536417912704,-0.5596459570985735,0.20442202920051056,0.6142631506605332
-0.46530580996204796,-1.0,1.0,-3.0827442938461354
1.0,-0.8664055326052538,0.32762932374795883,-1.4950709010853995
-0.45610684347472197,-1.0,1.0,-2.875577046789595
-0.11607955038833673,-0.9519112513221633,-0.2676027843982074,2.2910752547233177
-0.2050881858235445,-0.15418194330461676,0.10187898731761558,0.8343113742497938
-0.7934267439852019,0.5892655021700772,-0.43494843282993156,-2.177258738775442
-1.0,-1.0,0.4249579768283005,11.028216802402326
0.45638866365303343,-0.49726948824299533,0.08663033161916167,1.026539125163739
0.41000317608471026,0.16523306229532264,-0.9920886550667711,-1.5125949872048063
0.9206768638505982,-0.3693168709298631,-0.6935972825887005,3.3302792775154657
-0.7208157093803105,1.0,0.548651441911199,3.659770615211842
-1.0,-0.9032881383646798,0.8797539074603071,15.871677469774822
0.33369613209290505,-1.0,-0.8007865146203259,-8.550885408641541
-0.8459101450035833,0.2877304914737484,-1.0,6.481355916512504
1.0,0.5329007123771592,-0.753576621100108,7.7648391648941075
-0.6513836260947392,1.0,0.5687907365310783,4.713735240271711
-0.9290287808305406,-1.0,-1.0,1.3192800848029937
0.41902103011737335,-0.11496262530500423,0.6166469553938838,1.346659495675795
-0.4975868346024339,1.0,-1.0,0.13028166095124516
-1.0,-0.7868492776686635,0.3274746882990396,5.513254126233372
1.0,0.5627330951545138,0.11922345691794356,7.088094630888117
-0.943835193337327,-0.1992472939384311,0.39954180740707,-1.5582926441703508
-0.14808389319726878,-0.5915083693165726,0.05061063902676177,1.1041937368968135
-0.190759341111588,1.0,0.638461985853904,7.883245189286617
1.0,-0.07963589865642184,-1.0,8.153072376381035
0.7277290905088609,1.0,-0.0024713962461717642,8.470259138769688
1.0,0.762097822640267,0.4261745892240887,10.965669455184376
-0.7104792102542405,-0.3850029945672848,0.5865772542641541,0.44496756650412694
-0.9652492927624814,1.0,1.0,16.66836362750324
-1.0,0.863355067867829,1.0,13.005473695244062
0.02112221288924876,-0.625467588723162,0.34181340416458195,0.406082880006076
0.9845634115947453,-0.136931899852613,1.0,9.47960546982003
1.0,0.4395612264025037,-1.0,12.752103573583339
0.03612691696585557,-0.3746098983662167,0.8636424924563122,-0.6649002884072859
1.0,1.0,-0.72537060732408,26.380493886908038
0.6405770465687299,0.1382455006244927,-0.4213634432946005,0.9596981542550402
-0.4094083742376111,1.0,-0.17811036750993225,6.280297234131307
0.6812411860008183,0.1282905322253718,-0.2887633841612558,0.9203960122604365
-0.26848325072949675,-1.0,-0.8928881795921564,-10.240993993720938
0.7143696754899622,1.0,-0.11346963346164984,8.26746270728603
-0.22071195640336483,-1.0,-0.6163978745287193,-1.256636941906392
-1.0,-1.0,-0.2503602672519376,6.932239588376074
-0.168186534098554,-0.24601226796328146,-0.5820055882037829,0.9000091004875241
1.0,-0.5944734042525099,-0.008736740310406166,2.765793899707514
0.36604746635681296,-1.0,0.25563172265648815,0.5544134381467504
0.12126368113633168,-1.0,-0.07928944150879413,2.5743367458853412
-0.7788125829533061,-1.0,0.012587260937503952,6.131077783556749
-0.6638506689941837,1.0,0.6281126043061518,5.410018076111393
0.8908256273461381,-0.924012521513607,-0.22456038488816277,-3.0946882089851924
-0.2046032032141747,0.33430098340660086,-0.8600511925861896,-1.0712292183259509
1.0,-0.3307472956831523,-0.7219984253904828,6.1216868774754625
0.8449145814249561,0.5791456853917087,0.6432887257682307,6.50886513812033
-0.9081849588415056,-0.04415948623562982,0.22815078645120446,-2.6370466788093156
0.5805565344874346,-0.802566665997072,0.15373745314163,0.6875171686166671
1.0,-0.13265811869414446,0.2441867192743088,5.384547440492462
-1.0,-0.8004394413984004,0.4291595056819182,5.463213312974403
-1.0,-0.06408332148680973,0.9750085098263794,4.035616931111488
-0.38595345491397914,1.0,0.4978603716704295,5.8415440252040725
-1.0,-1.0,-0.42749473234479396,5.304255407175931
-1.0,-0.3617443366060835,-0.39819908753975986,-1.7960127368551146
-0.5822507620224389,-0.9733519331894824,0.1377323010147633,4.966859119442876
-0.19850041209297564,0.08304095201830863,-1.0,-2.5662424414362945
0.327786582438478,0.4087237798421799,0.624891677203171,0.7938967053150231
1.0,0.1675843703198725,-0.19737057166084004,5.311035417047117
-1.0,1.0,-1.0,21.3185269921081
-0.18320799669778332,1.0,1.0,14.006710577267398
0.4192435925867295,-0.20379840180229358,-0.31180806466103705,2.1631716581502496
1.0,-0.02792839997566321,0.4386341401487295,5.8773393168773
-0.22787808947484622,1.0,0.1440682936292641,6.938016204599845
1.0,-1.0,-0.7628754510904343,-16.417558588279725
-1.0,0.29525002522004806,1.0,3.5512928010847156
0.46574491026722553,-0.2748608857676387,-0.9587754204707291,-2.9216324737418287
0.3892663357483699,0.5131737578531859,-0.5196151047888826,1.14338731371809
1.0,0.42057001982578734,0.7106479393166518,10.689900972965464
-0.9849509772544291,0.1872416106423307,-0.14383861985134128,-3.583376420502594
-0.8983785033495653,1.0,-0.12999159584052133,5.976106911646778
0.34437400025311415,-1.0,0.7238155488656939,-1.3266115038611812
-0.8839228135897357,-0.19725045414116305,-0.626279186575647,0.7942202202032563
0.13018093713048273,1.0,-0.9808071808300931,5.578472085642792
-1.0,-0.5396012868033833,-0.8800322182109075,2.349863702882699
0.17700112556080927,0.34400007900248086,0.09129523563035957,0.35295510757602894
-1.0,-0.7093414588251425,-0.8863126282352904,2.964201968102899
1.0,-0.6920666121988062,0.42774876474461565,2.493358987961275
0.25885050326183734,0.7056406283532182,0.6065906950107347,2.148845632316171
0.3050773648101879,-1.0,-1.0,-19.330526453139868
-1.0,0.6313927966963941,0.25846250624145894,-3.752151741440869
0.1390345387059202,-0.18752941945774948,1.0,-0.5438576483474925
-1.0,-0.545120212980315,-0.9288729194877534,2.7939839902864003
-0.33328189941377895,-1.0,0.08184123509460184,2.8843408322935264
-0.6962326786850561,-1.0,-0.5135421737420112,2.8606687598559573
0.37950474121421296,-1.0,-1.0,-20.468773967462695
1.0,-0.40731569691184477,1.0,6.601530239492617
-1.0,-0.34146443242896907,0.287025360538558,-2.6611257025429373
0.591886106524999,-0.17769903803550302,0.07250945142458343,1.4523585812974213
-0.47853163798485343,-0.06538359609462674,0.8732520739527316,0.600669092979137
0.6068012890631727,-0.9404613517116587,0.7426603723743954,-1.666308108525914
0.514488568949961,-0.017085236143876914,0.6597528947463764,1.0169413228700024
-0.5542459219700104,0.6365588720584181,1.0,6.081832651521979
0.5488149450202204,-0.7903557286180545,-1.0,-10.634108476757826
0.9615306944447761,-0.9022601845928688,-0.420562054388556,-2.3121967256225933
-0.3470117331413758,0.07042766576450621,0.9197761558440134,-0.1993027926748805
0.6662004828010257,1.0,0.09294110530232569,7.825963525917946
-0.47036849650794266,-0.533049922132597,-1.0,-3.548497956970895
0.8686223897356828,-0.3086148511706095,-1.0,-0.9248690744812536
0.8933664176515028,0.12479388546580483,1.0,9.482022674562298
0.10765784750096219,-1.0,1.0,-7.352185418349944
0.21108288685972587,-0.4650224066111026,1.0,-2.7421754487011887
-0.5236301646448973,1.0,-0.25282563301631567,5.487250555546892
-0.16018203807762021,0.20606007295057682,-0.634408457279084,0.9925372052028587
-0.2813472479423591,-0.3115164729179556,0.047444306449250684,1.477897316911727
-0.12673660345980586,-1.0,0.976056679310519,-5.435826561675556
1.0,1.0,0.8036917291686123,18.39971148627613
-0.12093081741377043,-0.9450904181666777,1.0,-4.366871621173607
0.0571563454676316,-0.7797342042489515,0.9016092283694026,-2.335438551763591
-0.41814865823240144,-1.0,1.0,-3.6419187211302124
-0.24972823977477532,0.8701773523504786,1.0,10.233972623587896
-0.7237403448411786,0.39518549090517974,-1.0,1.845950623501218
0.13185589157401778,-0.7782066893361073,0.8213036290475162,-1.2403033061521902
0.21684990027510698,-0.1559057575436109,1.0,-0.34158617663311464
-0.8152595113014165,0.1090284099331642,-0.27473591894121774,-2.342279091033209
-0.1053764170664846,-0.48768677078000255,-0.3171403472844503,1.2188333627311463
-0.23845055015139627,-1.0,-1.0,-15.766792610655864
0.1460092109872939,1.0,0.5105664761168727,7.887377590939234
-0.2720401762335085,1.0,1.0,15.386810209596154
-1.0,1.0,0.10800646885573295,6.608858673157255
-1.0,0.8092698171239727,1.0,11.658472459788847
1.0,-0.39215254881108863,-0.5812623012927374,4.327944102071188
-0.37384529149286605,-0.25290665945481705,0.2395364360063319,-0.2737073920561832
-1.0,-0.16154813631126652,0.21148605252749553,-4.253594693659881
0.1418458292582394,-0.2016658871591297,-0.2603724436083892,1.056700466675567
-0.020116454483757762,0.24040297412313416,-0.5599717843831635,0.36635450467634334
0.6264509803862512,0.0890819121405384,-0.9618670885323843,-0.5378971556156402
-0.32339638913668,0.038746127353088244,0.3002134698842762,0.07472087295729019
-0.3697718715171241,-0.5084655768553283,0.2930561832713725,1.095633020480944
1.0,1.0,0.594340438309231,15.34928033543574
0.12647764365899916,-0.44733540517240056,-0.7354878046555287,-0.31456200506327314
1.0,0.33896708634113226,0.6487735623668873,9.492032766832805
-1.0,-0.013421529013232236,-0.8841743123080299,5.055334627926414
-0.7254912253764403,-0.5930139044550751,0.12242322191604349,2.1692621292138456
0.896294513823749,0.604867463325854,1.0,16.496177015517954
-0.6752950730929863,-0.6073106427173225,0.7506850204304543,1.5287117757012414
-0.7748496235840157,-0.3398391096347335,1.0,3.754343024537558
-0.27947666981827,0.5438036347124984,0.2407765118712304,-0.44071949590941184
0.7807049240146846,1.0,0.22425393910601077,7.553407646548782
-0.40305550646074817,-0.8524127151083913,0.38234916684739995,1.369017595646752
0.07020260028913361,0.2756119618774231,-1.0,-3.299187356395059
0.0262165869233959,-0.29082199347131943,-0.9057083050589463,-2.0058047706836177
-0.6276394279936142,-0.6434539238523249,-0.027231109962848388,1.9020083011781825
-0.917688871978374,-0.41757248611992637,-1.0,5.007839326066808
-0.1727849761196567,-1.0,-1.0,-16.425789338328773
-0.5673416645630562,-0.9979774614728867,0.3795820755440056,3.3097708483492383
-0.37757405801509747,-0.18852009038827577,0.13607111073344202,1.201874797397295
-0.15130674631042185,-0.11243758973979001,0.08704764933146691,0.3961148518399861
1.0,-0.8777267746587516,-1.0,-13.657390480967273
0.32782520425155104,0.7321248436128647,0.005852292344478371,1.172891349766434
-1.0,-1.0,-1.0,2.028522551444139
1.0,-1.0,-0.05314191249817979,-8.027952089280674
0.003200364636520181,-0.5342291074623189,1.0,-2.008851918082375
-0.6536809957663472,-0.8925871697129468,0.5711556407317759,2.6736730904991663
0.5218640615165389,0.25477194556917304,1.0,1.8297170422391866
-1.0,1.0,0.27892874234856246,4.138124038319368
-0.250603935009049,0.6049063823571168,0.05235949335851786,0.23011544108357296
0.6086264502847425,-0.3285808799665568,0.5435783375893966,1.5131520908946434
-0.35820836236044884,-0.012427331424421206,-0.9876603328854199,-1.1947910044964813
1.0,-0.8575584533882235,-1.0,-11.214686775761644
-1.0,-1.0,-0.2876234190637992,7.34089080946163
-1.0,0.49483717414479234,-0.0054128668904911414,-2.644979508619267
0.4456730712885597,-0.6594112883101224,-0.6128087537798059,-0.06825739268296088
0.5592697058408427,0.10201298696145122,0.853298541334859,0.5999516653193631
-0.7329035358152518,1.0,1.0,16.307831060474633
-0.09039971231652344,0.27572724322520026,0.31429806975493246,-0.6487044929936775
0.7088985272326089,-0.1845188803222888,-1.0,-2.4027434317583407
-0.562888652950128,-1.0,-0.8845646941266752,-6.49302694669916
-1.0,1.0,0.33303220577523884,3.5411237439736123
-0.4819535337242442,-1.0,0.0688127183505185,4.382384609631642
-1.0,0.7793756842104385,-0.11636498708938192,0.7085244220676179
0.441043912635235,0.6617373212871065,1.0,5.066634221449249
-1.0,0.4276145475943891,-0.020128292418398086,-4.614503560464031
-0.9972883560126886,-0.4259632742830566,-0.24690615280192207,-2.4922934853874716
-0.8037619645728444,0.9004895660975016,-0.42351041307018167,1.3274252449209756
-0.7941882354060834,-0.26658340040797945,-0.5263247484643492,0.6827728350454837
-0.26739025645039183,0.238663540743832,0.5560485100808843,0.6541682547011216
-0.2455686867221707,-0.30289917662038945,-0.3419690836961631,1.1318348543272514
0.9937426370676583,0.7310221203109735,0.8879002767438902,19.32581049949093
-0.004881251885490601,0.8376428569759684,-0.12448652292458351,1.9472903541735669
1.0,-0.5017675916102788,0.20258445078369114,4.982108456572094
1.0,0.6017308350158972,0.7628373176781638,14.853644781653893
-0.39838967141234893,-0.7624527090061557,0.6312678191567098,0.6511958496784784
-1.0,1.0,-0.2658991835349782,10.587017673483382
1.0,1.0,-0.04943431989148639,15.259497390130864
-0.5193003365067279,1.0,-0.004816654359525163,6.197892223593959
-1.0,0.22899376536793348,0.1951410782996459,-5.0873945422235725
1.0,0.8728663264441694,-0.929856921620295,22.002933928370304
-0.9836929678989226,-0.1885941851432602,-1.0,8.760549819768409
1.0,1.0,-1.0,38.7851616736345
0.21334187452755526,-0.38196297649345534,-0.15445864868180603,1.5570953002176082
-0.4764868292637776,-0.23543266062758272,-1.0,-0.5371380645515599
-1.0,0.9927771248741744,0.8153532124026515,3.296431331454719
0.04839211206928873,0.8102910228466687,-0.12958171185157963,2.2184744271486827
0.42822924068893986,-0.3041676871634684,0.6705361529947262,1.0075226250364486
-0.1322151060469725,0.9364512807600698,1.0,11.993170782919742
0.28491305996199534,-0.40199504469384606,0.2594103007618034,1.061169444342449
-0.47772451670431626,-1.0,-1.0,-12.077260164344628
0.9338526359980914,-0.6193764602667224,0.769133383536933,2.7184649356673085
-0.11763972741248163,-1.0,0.1221373687091567,3.123279887902883
1.0,0.5383739156427938,0.4781850086760224,9.96998122892922
0.9275582544731666,-1.0,0.07526677817871308,-6.187181511062391
-0.9516561709427345,0.6207495586178682,0.1896572186828911,-2.9873913628830233
-1.0,0.38555547617014674,0.2131418649360728,-4.82551768364004
1.0,-0.8661187464804898,0.4255910785891843,-0.4722395996351433
-1.0,-0.1767216899656303,0.6605317288822303,-2.0065197584758447
1.0,-0.6835724467497037,0.743466328716516,3.309234918942212
1.0,1.0,-1.0,40.00314939129709
-0.2801981721682325,0.7745419888192855,-0.7464797458980466,-1.0498803096089597
0.34184442549074934,-1.0,0.4619931263210695,0.6601973314752324
-0.0381294767552518,-0.10799176810527333,-0.8343013336119733,-0.5787561007539352
1.0,0.396146047290425,0.8877848145827778,15.589103873947113
-0.24335792355835095,0.4918812079674386,-0.45110568859265365,0.8534277627923735
0.5895528917978963,0.7433396318584771,0.3664950111772609,1.93140365573518
-0.8848953522814804,-0.34016099630213636,0.31969450588107584,-0.20646714465898552
0.04475503329216424,1.0,0.20839822860184265,6.863752059886062
-0.8524279485456092,-1.0,-0.45659513061394597,4.485305840827313
1.0,0.28898388341781844,-0.8337208562915848,8.86118057345332
0.5338559825375464,-0.0014292711322645424,-1.0,-2.924859155322694
0.33221699326050436,-0.6701605588482988,0.8126740159950836,-1.1712316262708624
-1.0,-0.6409769588019079,-1.0,5.314617174069103
-0.376085051225187,-1.0,0.8943532275594632,-1.971364838539641
-0.16890285267369065,0.13286196837088782,0.6312899622156465,0.007118399391962946
1.0,-0.995345725608147,-1.0,-28.778546643220714
0.14744662567619216,0.2545318619533037,-0.546776333629819,0.5370593056357054
-0.3901774975428325,-0.6162875832368826,-0.5801858859644498,0.9709836812462973
0.9161965519296014,-0.5321507281969429,-1.0,-3.6639739929454223
-0.46557277358273463,0.7741879385180463,1.0,8.265605869244007
-1.0,-0.5642427997289072,-0.808551208310363,1.6511579908122258
0.18918667791614463,-1.0,-1.0,-17.580513845777602
-1.0,1.0,-0.7700778956224148,14.469862689576567
0.13072899221254297,-1.0,0.5384733616978463,1.134321191028798
1.0,1.0,-1.0,39.18688727746612
-1.0,-1.0,-0.771052757128118,3.63190277399397
-0.09760225178896342,-0.11671542495506126,1.0,-0.10649565059694631
-1.0,-0.2908101428044041,1.0,6.30986631954979
-1.0,0.9252882987689799,0.14555966938009068,2.5185379293674064
1.0,0.5426893912514352,1.0,23.387892700050017
-0.5148707193898365,0.8394293143783886,-0.20227808840189176,0.8239552029700916
0.40144611555592125,0.7075790928538519,0.08122494693299287,1.4349551739946858
-0.32809643635188546,0.5047841657634153,-0.06831127457902264,-0.9907471114663289
1.0,-0.9829497652695627,-0.9836873407974689,-25.11078016963161
-0.20696243965533534,-1.0,0.8861470583596818,-3.8143152683568244
0.2683697831692837,-0.9153044098891514,0.14410711130659104,1.8467086780744388
-0.5354800608590291,0.6582333439271535,-0.9050760242360323,-2.4951277337263167
0.20182888400289434,0.5679452143191077,1.0,3.4933086071358144
0.20999564391852532,0.09511080242370928,-1.0,-2.855083532054606
1.0,-0.9141466914877723,0.4711589026865266,-2.7176055613441146
-0.2479009792484479,-1.0,0.5490100955177692,0.944347304330432
-0.5388725176215134,-1.0,0.034893081606807375,4.609549778333822
-1.0,0.32999136789486694,-1.0,15.814150998926479
0.3913114627990397,-1.0,-0.7259906559132612,-7.582733928213685
-0.5315121220463355,-0.7691416693888133,0.6187116553965117,1.6253605658758723
-1.0,-0.015489374216866247,0.4719118703686873,-3.8116475089840325
-0.048193613231018784,-0.5200393201258371,-0.32783064910883986,0.902261274993696
1.0,-0.28181457982060243,-0.09541789633754627,4.323147081840806
0.34865745510913726,0.5981172928672924,-1.0,-3.646078403858321
0.18072329080708704,0.05396499464435167,1.0,-0.21989710846354582
0.11581157090750938,1.0,-0.24237401063667252,9.178946625580032
-0.5076748342025867,-0.9825636794418355,-0.21447138648188946,3.499437864573369
0.6106087246420928,0.08698850349480391,0.2587232452115009,1.9114839529023944
-0.4952260459936799,-1.0,1.0,-3.4722858935977055
-0.6565325831015005,0.8587719497460833,-0.5501574649375858,-1.1243656883966984
0.07763886654051655,0.5626193842701783,0.18334259696834687,0.6375203688160236
0.5896348250845931,0.07397031279985056,0.06933675385390847,1.0090656680876475
0.2381150131638725,0.9487189821441799,-0.1313392400339306,6.706928635114898
-0.3564165469117888,-0.20736770917633685,-1.0,-2.5494727344158106
-0.7324567285716943,-0.6222912814228749,-0.4041628569642344,2.4111322835282265
1.0,0.40997307230332525,0.5887707284886805,10.027795105515331
0.4103044710318613,0.1311927339707979,0.9884847339459659,-0.8198341253331831
1.0,-1.0,1.0,-8.58495272932855
-0.17016908204474768,-1.0,0.20847624247150187,3.206972623356358
-0.11731166827548711,0.9379194505042734,0.028652418602146623,4.636635003345642
1.0,-1.0,-0.3006345962153789,-9.120804378797041
1.0,1.0,0.05719719682473001,13.86844498219986
0.48184977818366637,0.6627457316215168,0.2564062258576578,1.7972832360540967
1.0,0.1811650389387922,-1.0,9.031748060231147
0.35955394868064894,1.0,0.7256039172983066,8.190731622540866
0.28169726474461276,1.0,-1.0,5.201387351354205
1.0,1.0,0.7390314247413452,17.07955160540222
0.2376706850075494,-0.026592828209103025,-1.0,-2.5268798783880078
0.05384292665637935,1.0,-0.6350777500741165,10.472972350098201
-0.8870678916952,0.849546628889438,1.0,11.417037604895896
-0.6361722893406749,-0.31894757301320653,0.8630656646459829,1.3468639196965357
-1.0,-1.0,0.11800005107540246,8.62698372418436
-1.0,-0.8082093968453041,0.05515791498016309,3.848724266155821
0.24006144616746283,-0.4340809872701663,-1.0,-5.227097300033252
0.909192959705251,-0.4960524669781152,0.3917175192625948,3.431328408025375
-0.4725525662532577,-0.5330582693604098,0.5135295000801852,0.24622529513119396
-0.3884232087368398,1.0,-0.7859009421735241,5.360727565728169
0.7293975142956135,1.0,0.21768998861099553,8.110383337537533
-0.6329405644071457,-1.0,-0.2639801402142763,4.606208008039363
-0.5051140235053906,0.3062994694841388,-0.7605395751412201,-0.6841654101709194
0.267042703620999,-0.4884929285812911,0.3162862689273991,0.8409689098107336
1.0,0.12672862738043178,-0.988285610645357,9.682103127153608
0.605441667048674,-0.5361768144797483,-0.9873860155208434,-7.044279919774109
1.0,-1.0,-1.0,-29.73712763686972
0.6749387990273978,-0.9705352566451011,1.0,-6.35041612775496
-0.63867676272479,-0.45418252114535496,-0.5007480468132315,1.6667494972467523
-1.0,-0.006990309844880693,1.0,3.009325357472492
1.0,-0.8386918953060902,-0.018336406528314253,-0.5428442573925606
-0.44022658285555205,-1.0,-0.10194544519413773,3.4733435233861423
1.0,1.0,-0.33248769138965906,18.117130689613756
-1.0,1.0,0.7295882831683065,1.2451675684456078
0.4332779801337827,-0.6663671379740486,0.964217544091426,-2.776959227128108
0.8452324919258654,0.8667909011408059,-0.6070679942912136,7.3107169020379335
0.3043596241943729,-0.8678400578313954,1.0,-4.5558913641359835
-0.3199560438530744,0.8419725073625239,-1.0,-3.83615387955591
0.18659441172142333,0.26571495029231285,1.0,1.400116047898829
1.0,-0.5878874200221176,0.7984853356073514,4.506474012525152
-0.8139915595051768,-0.6256330139774731,-0.58186818982941,1.8866930009588683
0.30395046119819336,1.0,0.7841623851932726,8.935436053106509
0.2571844552420377,0.6788880838257283,0.0915479748858119,0.8599493572528032
0.3106588468700424,1.0,0.5311713069136614,7.248867587918145
-1.0,-0.2428281956896663,-1.0,8.76660322428438
-1.0,0.7312402476062319,0.6470023705287224,-2.9061569919027748
0.5671356665084124,-0.8439860132969985,-1.0,-13.883158681980955
0.6828427525488754,0.09625159961101604,1.0,2.388890306407992
0.3176257892160781,-0.7497763167340432,0.46325806951372206,0.23702381477867385
-0.518084686675802,-0.481347459566813,-0.4732654005138133,0.7198614131663885
-0.6934186980509138,-0.8148431171619097,-0.33830811495622415,3.309344563680565
-0.2935011473327862,0.5521258739930885,1.0,5.289501829746343
0.5777093032917673,-1.0,0.6703739743835997,-1.7089810230482938
-1.0,0.3138443894780345,1.0,3.0545373456786256
0.12844139843661595,-1.0,0.754015482551291,-1.3651326172168519
-1.0,1.0,-0.43772191635762847,11.79474547686369
1.0,-1.0,0.36640686369535325,-6.648371653034012
-0.2614906998668367,0.21744713328382015,1.0,1.199402272606691
-0.681759178507074,0.4915006788325411,0.5331290412982783,-2.7635408080388317
-0.95790893158619,-0.021999419989527702,1.0,4.050823844242605
1.0,1.0,-0.14082980630434894,15.233285304658665
-0.5673213522466731,0.5208362947518856,-0.6291015149870738,-1.3747357848599397
-0.8156182507447147,-0.040323170838601374,0.2783228438882439,-1.8814069711730868
1.0,1.0,-0.8725783999095547,32.91814708038412
-0.7132936785951014,1.0,-0.8375422559499024,2.2221271099086546
0.29343396450693326,-0.19325021138880438,-0.7506692052284967,0.7424770410240518
0.5584479816752466,0.9064678170385947,0.05172706059268828,4.96312100042244
0.8176364693470353,1.0,1.0,14.877791461461632
-1.0,-0.9788118825060588,0.16770982547976865,7.911682390642566
-0.44413791114940615,0.08855593571722009,-0.5553000574215681,-0.07774266832758553
-0.7476867681846313,0.013923062053916357,-0.03628023861969476,-1.5494625970330262
-0.24790464733503859,0.7966508272478963,0.033986669642997125,1.3586857534449246
-0.9010253093969125,-0.4469104372647419,0.5029557264665585,0.9660681680409091
-0.17859948519173274,0.3763444266849656,-0.3784786399281732,-0.25265927910987196
0.8622858531109114,-0.5829031481728011,-0.5211521094348153,1.541948748882093
0.22696111010097098,0.5260078158522545,-0.6951409809412759,0.3858811853027342
0.5374192414191483,0.5744258245604981,-0.6144900492044474,1.319741432308154
0.4798824041047267,-0.30267374677944514,-0.5895931514208141,0.760562895297754
0.38291351285328834,1.0,-1.0,6.1809663104585155
-0.26117561106788245,0.6549449534503657,-0.011637387886445083,-0.626862783274129
0.015183278302186798,0.715053106540521,-0.3045968175590088,1.7457324568757577
-1.0,-0.9815189316823056,-0.5748508317539938,3.767356197434218
-1.0,-0.6694153025448002,-0.5353237195530351,0.9667223016195147
-1.0,0.5523958297211555,0.23780336172551064,-4.4675186012591315
0.014932132846035007,-0.36756862939829915,0.734986463044909,-0.420060800083495
1.0,-0.8732205880521762,-0.10352943839318307,-1.7195194643804952
-0.8585544710077402,-0.21299861959928257,0.369338600375845,-1.4943840712748717
-1.0,-0.4258205935048842,0.9945270600241798,6.852908093997997
0.22855147132656572,-0.0008157127958643429,-0.37289830329496865,1.3852778079988786
-0.5061287716105196,0.5986825269763427,0.5382462845800426,-0.3876344323349485
-0.11122861442268595,-0.26303178501259583,-1.0,-3.794395565817526
0.8357943099739351,0.5457588490491523,-0.8088587567109415,3.297509667743981
1.0,-1.0,1.0,-8.334740502829527
-0.05448449333851224,-1.0,-1.0,-17.167746196075388
-0.055151060913740446,1.0,-1.0,2.9442781385898
-1.0,-0.7745837681834538,0.013865954164935967,2.8276817651040043
-0.021894771058136753,-0.3878859073672518,0.5067358432791003,0.9719453651316802
-0.0725223011086289,-1.0,0.38737558979811126,1.8833125381620786
0.25142683435646096,0.404087362595144,-1.0,-3.829584903128379
-0.9260641541919523,-0.034995428219575686,-1.0,8.476204317709001
0.3078989828246679,0.8271772777008073,0.8965747638534758,5.189504241577521
0.8098147706014565,-0.26692030833734703,-0.6498215644520025,2.3322245780511963
1.0,-0.33761964644568176,0.2924489572634259,4.765104589988031
-0.6768948816317037,-1.0,-0.11287170135233948,4.582132137973284
-0.4027981726709404,-0.021193121490041378,-1.0,-1.336200850777634
0.7014836937858451,-0.03795456717819312,-0.5631600992004184,1.2968964109617054
1.0,-1.0,-0.2950897196672455,-9.418484521714253
0.21754041048703354,0.2049364130458744,0.3645196192282716,0.10120140873832473
0.8106981284858297,0.39522949510284655,1.0,8.93832856741276
0.5470374302345782,-0.2647796362754502,1.0,-1.512241139635313
-0.35242034817719947,-0.5271842648714464,-0.4520356179353626,1.0279766143984366
-0.6020686867264662,0.7091369761020931,0.223235898706446,-1.6002397898614913
-1.0,-0.99929737827841,0.8154308023620296,18.076948153276593
0.03353135227609605,-0.15741150372687396,0.9780719563473292,-0.24057804565796592
-0.7017883540026435,1.0,1.0,16.841740952369793
-0.07420563150364035,0.3787666379282699,0.3857743956058417,0.48571295158810657
0.4289189332933123,0.2089540758173718,-1.0,-2.4109514513258548
-1.0,-0.4222085905305941,0.5671489884662424,-0.6900643414647348
0.36450332579597866,0.8623057717283007,-1.0,-0.8182839398650208
1.0,-1.0,-0.002745224770296595,-8.751173483216313
0.3092013266129845,-9.033648769718461e-05,0.3324473587895249,2.033905833696149
-0.7814523116680958,0.10415874231016709,-0.9237563363152987,2.9052866759328784
-0.853701049214866,0.8176114492849875,-0.30635777960749366,-0.08475796941159075
0.14886054769335666,1.0,0.06126356539657318,8.583034036683767
-0.23830233424124847,0.009634042387332231,0.3064047194566051,0.3471502659320584
0.9537953916948416,-1.0,0.3928712878983789,-5.891632338213906
0.6253590027162714,-1.0,0.009031917893547181,-1.2336133240867209
0.9370992059561756,1.0,0.9435940347459832,20.03682137467596
1.0,0.3073626277140695,0.6340896128170266,10.864613339434598
-0.05812109533910048,-1.0,0.634774061913721,-0.3556548144742056
0.487929518638446,0.19453808933886663,0.2553920392451381,0.5526911345483463
0.06375844956673204,0.15844570915322298,-0.23259686582038896,0.3028348538942207
-0.5061000995332303,-1.0,0.8458923796712556,0.2849204798843886
0.05647239940114557,0.8213936232313079,-0.5694085881464364,2.288756147062386
-0.13301446121343607,-1.0,-0.10797851532347935,2.1194818603715935
0.2902543191259668,1.0,0.6678346913762638,7.132821816873093
1.0,0.13702078832034092,-0.7294866884016702,7.046099283316659
1.0,0.07224866302014177,1.0,14.442273750735236
-1.0,-1.0,-0.2334799404537955,6.396222007079427
0.3305691834677362,-0.14554963846098734,-0.42923558337205914,1.2477297230424496
-0.20278507303532134,0.2119638813551954,0.1422152439015738,-0.48047898726292826
1.0,0.5793228579377208,-0.40973074537268794,5.4416934000822055
1.0,-0.5248125389046652,-1.0,1.5094023931280232
0.5451253302107877,-0.6679768575459424,0.06599758402267053,0.5553438682572314
-0.234959676278371,-0.0066962773512189155,0.09549105600623142,0.06771861967446137
-0.2807690030416654,1.0,0.5744765880219438,8.10455161543251
1.0,-0.02486271229152459,0.3834887708807333,6.0319685958690865
-1.0,-0.4122428264665554,-0.6765867621945296,-0.4776953417482363
-1.0,1.0,-0.5129222799221371,12.382103810936979
0.8041620725277432,-0.7023266308148404,-0.2398971925391209,0.41031235718003767
-0.2480252332742734,-0.3303287420628527,1.0,-0.33146433724847524
0.49361407380623645,0.5252202219585353,-0.4424858051210161,1.4895834433220358
-0.05411372021161265,-0.5251359103143574,-0.60310264548264,0.5051449505678796
0.24609872643188258,0.671785425730774,-1.0,-3.273278219092744
-1.0,1.0,0.32912042776666084,3.5569998456836576
1.0,0.12807902624768341,-0.7630231263530736,7.278786257196456
-0.004825972133353007,1.0,-0.413688825337134,10.171442946496349
1.0,1.0,-0.36839269859002766,18.21034951908778
0.02691657034015682,0.42676919233579014,-0.5883754084239392,0.47166508773197036
0.36766851498670405,0.630312976279122,-0.8998115130227673,-0.6329775296522049
0.2806086152110612,0.3639158752711573,-0.847314768946076,-0.81364081690434
-1.0,-0.6822994582651973,-0.9322227011186976,3.4272014557726442
-1.0,-0.8384084314708318,-0.8364662060562542,2.315327548248143
-0.5696532093159703,-1.0,-0.26263793956582693,3.5681412759362003
1.0,0.5877145420845646,0.020895412043373085,7.558759459340665
0.7949853154398521,-0.7562566525960033,0.3580990744018382,0.09229008719177634
0.922958502301124,-0.32064564840889775,-1.0,1.0331346471485419
-1.0,-0.5216739955897665,-0.3351839306004878,-1.1691530658554257
0.8307323802509365,0.0026285548796629588,0.21667428109608577,3.26095791658985
0.954725576663874,-1.0,0.9299538429265546,-7.498317468998405
1.0,1.0,0.8934135183412508,21.811047339533893
-0.3130890106554558,0.22639430859579868,0.2729449737308687,-0.6619945058559448
0.32362510732228,-0.5715271395560095,0.5331003486690393,0.3842674079042958
0.30772642546819373,-1.0,-1.0,-20.29813664778502
-0.04823301396961077,-0.035091090828472504,0.3969911369898296,-0.13163991259267332
0.5896105809969754,0.02744437330567462,0.023787623795587853,1.4755545219623571
-0.8439417094868897,-0.02497117192123155,-0.04780684809938851,-1.6606240473836384
1.0,-0.9824186313923564,-0.757613597901172,-13.616922158733955
-1.0,0.03288395466214156,0.06628100647455848,-4.0589620186427675
-1.0,-0.4892861640507278,0.22265141457919757,-0.999134767386775
1.0,-0.9008270029797514,0.07127154238054656,-2.4115723197757992
0.26500424752303764,0.9647441328084541,0.9265933827784101,8.306329397639619
-0.01591226003100399,-0.6116383431321275,0.7637095704245864,-0.11918196459099628
0.12529722494022,1.0,1.0,11.602892302096633
0.2476205693873137,-1.0,0.21686025123240138,1.0054240191566095
1.0,-0.5601283043823413,-1.0,0.6831305461525573
1.0,0.5889076197405414,-0.1328563138273482,7.043278334058527
-1.0,0.8351063071104019,-0.255848657829709,3.862073200412317
0.1939086556735532,-0.053354260983393464,-0.34816223414362946,0.7581519773716767
-1.0,1.0,0.695501731912884,1.2933155798874079
-0.7325247056852497,-0.7576196716668273,1.0,4.906481352604759
1.0,-0.137121317206073,-1.0,7.1767068975447375
0.6963586269224926,-0.23516468432256254,0.23151548608058992,1.62500006994543
-0.4039835315696234,-0.7370525265247889,0.5511952510523097,1.3065985387955548
1.0,-0.7746975786027652,1.0,-0.2821338657858733
0.27216911378247843,0.4018859863283559,-0.8483059050921526,-0.7696060935443326
-1.0,1.0,0.4446296578112241,1.8006721169365456
-0.8652346611935879,0.7011597896703956,-0.15789921166146148,-2.0812751386142074
0.32899040985644223,1.0,1.0,9.759131569225094
0.40828201398830677,-0.6387750088833575,0.04134391892143818,0.9995049393212023
-0.8033629090749224,-1.0,0.9938604407422404,5.926275537856736
0.13273080306679108,-0.6846300910972434,0.8092419758623035,-1.0067766820437614
-0.8953101750853947,-0.7064679196232049,-0.01976787769963617,2.5651697219823566
1.0,-0.6356528324250199,1.0,3.362019054812837
-0.06862555118167046,0.22313293471422369,1.0,1.9690196859464182
0.9590107030345325,-0.9731368496142554,0.1346301552261624,-5.194357240458659
-1.0,0.14668679354016145,0.6820592838324682,-3.948362843739454
0.7410174903640567,-0.0636982308319971,-0.8606286613914,1.5084006186032526
0.10843867393439122,-1.0,-0.04406182518596147,1.5201222714432312
-0.3736240200022227,-0.040557703239539444,1.0,0.8865438051661946
0.16853394400689958,1.0,-0.3859415548150169,10.282945192359852
-1.0,-0.6435945011479869,-0.7495072480860254,1.740929851764708
0.7601385276514323,-0.5993192269818246,0.4836923960979955,1.6205993776747678
0.682786180848288,-0.8068026244233317,1.0,-4.679125764961092
-0.15964268478863985,0.8636618465098853,-0.6230878169758078,3.243214585840599
-0.8774138454552722,0.1524526358537326,-0.719625332280418,1.4067205982031763
0.9308835008472796,0.7353199782859652,-0.1467610302606306,5.623337333342425
0.20557609233272123,0.3075003914173091,-1.0,-3.4785143460233128
1.0,1.0,1.0,26.434505808636864
0.41476076156105934,0.18010326505872154,-0.9073105152655747,0.07295686008339408
-0.5289180324006839,0.38243043615854067,1.0,3.7388012980356713
-0.55269007462541,-0.2896424005543341,0.29787506402466324,-0.04410027991712528
-0.43798326303289503,-0.46459424127668547,0.40114112876660557,1.1803185384838988
-0.7787083259381509,-0.18959256208730224,0.1990522669354169,-1.08522290771816
0.4265277789151911,0.0696693693271715,-0.19168203205840117,2.277017942533917
-0.2519763133677817,-0.8116239160808725,0.013475614979658435,2.2307406775805627
0.0897870709840638,-0.8686583911611563,0.9595594733167654,-2.5081762606361067
-1.0,0.8412552571244505,1.0,13.076636217414887
0.1651577425857551,-0.06247614738087681,1.0,-0.7654446130912989
0.8145350248740599,1.0,0.14115783009133875,8.828973802921022
1.0,0.4546086708848267,-0.1015931304329536,4.802363475338659
0.8858718062377111,0.8611769592624026,-1.0,11.967364600472354
0.5093282449063536,-0.7360327177802841,-0.10265276184511962,1.0861570077012654
-0.5387828812425346,0.4916339779392378,0.7678749620582861,-0.4724897005756055
1.0,-1.0,-0.13062106312620325,-8.285106973063412
-1.0,0.5458622267559581,0.944597301677446,3.1207051398270194
-0.07297114398034399,1.0,0.36451054271756633,7.868380590115209
0.10024578173553578,0.6551110827840929,0.6512775562592359,1.7736734168528137
1.0,-0.6040882637435074,0.5892538144644475,4.284501020466406
-1.0,1.0,0.344250249921638,2.6428551399472786
0.9734512769991108,0.7585764626545273,-0.3196146157302302,6.4983474783464805
-0.010911437293253501,-0.24354480285046254,1.0,-1.6807412343578698
0.13246822500110844,0.32941697074844445,1.0,2.235624150377136
-0.6329473582709673,-0.10273909913521306,-0.4593128670341855,0.7031034901427669
1.0,0.37158396031255525,0.4777659074865932,8.600679369066135
-0.6357003781868884,0.32664624293061006,-0.524078655790909,-1.571233453109046
-0.6295395928383698,-0.04829270436275834,-0.5121996729198257,0.842971321961191
-0.4204578244263599,0.059639728250444835,1.0,1.6607864518386495
-0.10927717000240822,0.7536877355858658,-0.6942989496793981,0.2665761559471417
-1.0,-0.2894107966083128,0.08415334324328994,-4.161382789709968
-0.6907018321309883,-0.503372555447682,1.0,3.2018453021415407
-0.7141317627818617,-0.8034305566997715,-0.36842923953916196,4.034628526765398
-0.9655807458902548,-0.7674964228577548,-0.6952545306590647,2.4767809099048166
0.6556525585865953,-0.22349204674006118,-1.0,-3.364745422426915
-1.0,1.0,1.0,17.417130573215566
-0.21333608422107275,-1.0,0.07015772328603531,2.5939204843298285
-0.9130546654840552,-1.0,-0.8754831008044606,0.7372748775092843
0.059717164985589655,0.19588871435134947,-0.6503269248147399,0.7539082137354325
-0.5176267022602974,-0.38886830165212194,-1.0,-1.5130603293112264
1.0,0.4176684728559594,-0.9144978102112395,9.667671129265427
-1.0,0.5222822464147503,0.894392240693727,-0.38130925756422085
0.12772041082638408,0.4880229377226941,0.3441207502338868,0.34075668431982786
1.0,0.5406035220376493,0.1008986986957292,7.17714594873822
0.7146936067046812,-0.2745609367783477,-0.4693533239492984,2.1863114208650876
0.8118166850183246,-1.0,-0.6149107778539025,-8.756054812955973
1.0,-1.0,-0.9086899882332093,-21.93638461492256
-1.0,1.0,-0.1554842541875765,9.047126395054525
0.3032239923078006,0.45920790379991683,0.6464410624856611,0.8093443654388509
0.02248109521862318,-0.1137506243364581,-0.9604145546070655,-1.4633515637436831
0.40080259916853733,0.5441929866349742,0.9786931612066259,2.5894812887138023
-0.9527699704902035,0.31066960366875396,1.0,3.207656275782111
1.0,-0.1664889257791029,-0.5264902353220837,5.4712506258536076
-0.6333225967761469,-0.03346036577260958,0.6498279375279756,-0.6762566839602353
0.3718812891291372,-0.12159695151477035,0.8120650652644779,-0.2821037362964607
0.2776991712921921,-0.6753577394656052,-0.3457211707673975,1.4641392969934184
-0.006831652627508067,0.48627147210878197,0.36274084041025856,-0.4941532358569828
-0.0673379135065475,0.23912758875278373,-0.5360917103581266,-0.11784426284544064
0.7236516236747406,-0.964234623316037,-0.6025967392434624,-4.8138475659382465
-0.031848451403518,0.265257997140957,-0.5861480015358465,0.3216943255020177
0.9388594936986143,0.015891072624737212,0.05662317769251035,3.7738893535491944
1.0,0.09195538095947375,-1.0,9.45652618359595
0.31693342912927047,1.0,-1.0,5.970572563980737
0.09726417063851645,-0.4408050801328127,-0.6159518384864149,0.35464945924413716
-1.0,-0.06612255627545771,-0.432062365991261,-3.324186167811776
0.8034535870459609,-1.0,-1.0,-27.881947030856217
-0.6892479021539015,-0.9343997058956124,-0.31042022455995233,3.56018321188751
1.0,0.015836038953864318,-1.0,8.88814861595504
-0.822357838120938,0.8178680024376139,0.8070379210144063,1.845903148132342
0.2435285487944021,-0.9270367368438694,-0.13960945664368296,1.8295403421850462
0.8018955497975875,-0.4355698542479507,-1.0,-3.8916717629576754
-0.1078792394720669,1.0,0.3778556212236728,7.243143165577422
1.0,0.5504579658506468,-1.0,13.582238291218438
-0.6328117860856186,-0.6815711483773366,-0.2266710897437636,1.9167485466609198
-0.8360787087274564,0.45539597790837316,0.4971440202686117,-3.0502308964096225
1.0,0.045771902817776766,-0.42134440991579347,4.8019662652005275
0.45563167563655615,0.6229359149832447,-0.31363067671343825,0.4344859069509891
0.7811530706329088,0.45607963079339164,0.06363980955988979,2.4542572773477738
0.9349646100621358,-0.24107194432267032,-1.0,1.8201172934164396
-0.09250299522815864,-0.26492619606023426,1.0,-0.9553623587058748
-1.0,-0.6119187769545686,1.0,11.320158090354056
-0.050877686380227605,0.4335941788832802,-0.31377902299890503,0.269705258444557
0.4805205112508786,-0.627346158122831,0.03862878302763684,0.9079919421910345
-0.6228359648459081,0.7765793028977919,-0.7508303609625209,-1.203836169075187
-0.5382769543736008,1.0,1.0,16.08290519549216
-0.5714771485294732,0.05325277786804117,1.0,0.6613294155829077
-0.5160177429682411,-0.6521701928452281,-0.9565797253998738,-2.66663052513945
-1.0,-0.15388825264327188,1.0,4.288036900295245
-0.5311838803375339,-0.14470335577662863,-0.6079110905940128,0.7988776461292684
-1.0,-0.18981325012005645,-0.832406300782925,2.378604974186049
-0.6684455420612274,-0.22066002165787046,-1.0,1.1442022847319326
-0.044600905389645895,-1.0,-1.0,-16.301365878583987
-0.8504558287892494,0.037061790541643935,0.7592886662985003,-1.0190364389272015
1.0,0.4942092711548265,-0.2872577709753459,5.540306354825931
1.0,-1.0,-0.774099488063225,-16.058191001417715
-1.0,0.40085154721320615,-0.36905229934827743,-0.9134701277887005
0.9951823226407648,-1.0,-0.19586839156193947,-8.905919609910255
-0.2615426440448645,-0.7469681761215854,0.8205478268798814,-0.4136880805479263
0.556415935015967,0.4686959141984557,-0.38175948787935576,1.6203037378808234
0.18725382777228394,-0.6743020680534197,0.3098592625873329,1.6512381949309272
1.0,0.648372060486123,-1.0,14.260417608059212
0.45674727536855353,-0.5681284024955691,1.0,-3.637780314485318
0.22660741750264135,1.0,-0.6274156853568993,10.600719525774716
0.1979848889919693,-1.0,0.8720871405287092,-3.6842181162368517
0.5687898742033826,0.22288841761570355,1.0,1.8628254106862419
0.030432337440159385,0.463837849662855,-0.5568263796170103,0.5312123381885613
1.0,-0.5127459316553624,-0.16352861744885083,3.6127470443270573
-0.3073509954947913,-0.6608117712293171,0.02603908944726996,1.1770804948474685
0.08104158149406837,-0.42100110045544015,0.4752663781349975,-0.934881360595658
-0.03581117994671823,-1.0,-0.832325812158633,-7.772233850926973
0.6293367271709303,0.19370592296100475,-1.0,-1.473173199616951
0.6333910278600083,-0.9203312793351064,-0.42055613231942357,-0.47913084275271495
1.0,0.14308760891890682,-0.5928435847646063,5.598546097541769
0.4662098294832975,-0.5186730619055442,-0.120199571047233,0.9986213397575769
0.14773800031441708,-0.9142813517412507,1.0,-6.208625550166865
-1.0,0.046502040586084314,-0.9913736565815208,10.470329584477541
0.8566661962467441,-0.22336958158145714,0.5776787389134337,3.214118862553624
-0.2943029331373854,0.5235418423301903,0.24558600259363383,-1.5845913805720222
-0.7289429683308355,-1.0,0.39972359440177674,6.385564534671561
0.31796539134399393,0.16268330658559282,0.33516738905207366,1.604388936579203
0.6971950289889122,0.2847485221024142,0.4558924130317321,2.3392006162375734
0.11276308782963373,0.8827004596409755,0.016184947219450407,3.339429238997778
1.0,-1.0,0.8556257750557441,-7.374448804840014
-0.43013892199850057,0.7592678595553861,-0.5535934924797419,-0.568511785187156
0.18707630951053944,-1.0,0.12124827530611393,1.0327928406299298
0.15375987568768945,1.0,-0.09530706312008674,8.287582817695455
-1.0,-0.9581228405969979,-1.0,2.9211573035504577
0.2724534028816603,1.0,0.1701327734572644,7.919177217383695
0.20276002504444657,0.1646511946304945,0.6741401779297138,-0.33356938762076355
-0.8547886948835051,-0.13105203776365193,-0.23880069439424156,-1.4376787866624925
1.0,0.5442860201385358,0.8673904231942018,17.08479413699293
1.0,1.0,0.7085079133703895,17.240213932691677
-1.0,1.0,-1.0,21.972122612509498
0.819986467957253,0.18387707350459803,0.852812159943849,5.272832574327471
-1.0,-1.0,0.6159434476110239,14.204680749329109
-0.480850949605526,0.1498440522351001,0.21251257530945833,-1.3550798292531743
1.0,-1.0,0.02819510210823828,-8.42141937802369
-0.9431135558371606,0.22014003136797733,1.0,3.0108118472727288
0.6130643940920406,-0.2975331591733019,-0.2256349191573419,0.9062849386215968
0.9909153169444027,-0.29703628554406847,-1.0,4.006726510561997
0.31604976218872904,1.0,-0.7049508607788546,10.906816401728761
-0.9259318651674613,0.7368569823665259,-0.7594894136016248,3.1283821053048895
-0.5580966177507731,0.3892851524071521,-0.11258369814914282,-1.1915438199498445
-0.3339604207268596,-0.393153889778606,-0.846921604306043,-0.7322975545441489
-0.370956490510038,1.0,0.022858447870901966,6.3954489570047715
-1.0,-0.9559933484161676,-0.14193109326345033,5.7001914747109215
1.0,0.302493003933501,-0.384751429898593,5.052049976596222
-0.22071636169583675,-0.5173459592670482,1.0,-0.05339195307778233
-0.7557433139998755,-0.16220642421765663,1.0,2.6875411507865556
0.7587400675725078,0.13436324544995326,0.5171865572153118,3.0483709559616963
0.6168005662351108,0.48883878119617696,0.3557705625917207,2.06053134604622
1.0,0.015977397090141565,-0.19706149915901583,3.5369490000310764
0.30847379695882515,-1.0,-1.0,-20.12481524922862
-0.91811814090731,0.09296211464164705,0.11007038879718789,-3.1169194849754063
1.0,-1.0,-0.03082164327566206,-7.902565551114026
1.0,-0.5207719805893909,-0.3455820698356924,4.404662315882931
0.5005085182704017,-0.5511174485851313,-0.8515866883953225,-2.3875680228531095
0.5073477325758378,1.0,-0.11625181564476028,9.225938536450494
-0.2058786677143254,0.4355419899781041,-0.33677403881981305,-1.388194849760149
-0.9081254458611123,0.8078299067677159,0.4569562885962517,-2.774937475442838
-0.527156539014636,-1.0,-0.4022094870802697,2.5345040465846247
-0.8246945070794665,-1.0,0.8198386310207706,8.481120589178737
-0.1895648489121189,-0.7693937406390952,0.5591717491971755,0.8417803310163186
-0.45125766328401795,-1.0,0.7160653841674824,1.808554672330632
-0.09783148386524054,1.0,-0.18277381000201642,8.463377477195834
-0.5117060478373299,0.1958385963953666,0.261499809484264,-0.85827252122997
1.0,-0.4451892547768246,-0.18571001875892423,3.8944853528999817
-0.48226621082295695,-0.5817019672006387,-0.5923574544679258,0.16930086781536757
1.0,-0.04419004218901712,0.01699397801000946,4.789879041142115
0.5169465700987739,1.0,-0.4024673506878238,10.292426919637363
0.226786544137614,0.28189338426394595,-0.8773389200707911,-0.18624706023033988
0.052625317922782466,-0.645241109490563,-1.0,-7.559295369367105
0.913808722351722,0.37499170816056693,-0.5086498730325495,3.4483958439147404
0.20279615457265998,1.0,0.3793615297398365,6.91821089444082
-0.317270519712201,-0.23521565338526762,0.25401645482629354,0.045832820090875664
0.10386085889038577,0.6374260353568089,0.13495745264018266,0.34134365972464964
-0.2636103278975168,-1.0,1.0,-6.177739061170907
0.6230975311084195,-0.334048447945525,0.6118571650257945,2.398865511138477
0.16578445257904995,-0.8087359496208402,1.0,-3.369438693165777
0.8803856001863708,-0.02852827130023794,-1.0,2.0573465263655546
-0.4418287547923565,1.0,0.7332219267505862,8.294689468804295
0.7391644510337643,0.3364092459478445,1.0,5.519999578173105
-0.43786091940704774,0.8575802564017252,0.420097964095421,2.1764489534750626
-0.3663100984094201,-0.3249660274873307,-0.5103634142739732,1.0167319403160384
-0.4576801853037149,1.0,-0.016785810764273545,6.014571080802369
0.37524428463346515,0.2222555675480904,0.5987599832442956,0.6364935187607763
0.17705053695494377,-0.30764398926496894,-0.11308868768171254,1.7251319329668058
-0.01975539972769247,-1.0,-0.42318772730576293,0.8901978370663618
0.3607213240614606,-0.3999613298922917,-0.31548897479465765,1.409559666166559
1.0,0.8351214280440482,-0.8990648709388753,18.739843616623748
0.9900497160010149,0.22956547680269912,0.9513702782951128,14.777240679234435
0.268615208720282,-0.23896806251820712,0.2700379570627287,1.430049032498702
0.5354196051504394,0.37146505537326613,-0.25926038585196953,0.9258363213773191
0.11886102999852621,-0.16730062090944453,0.7204603555350071,0.2857106400907868
0.6107451826702941,-0.19027386362340004,-0.7017304168590262,0.44071510386378854
-0.5431241205029835,0.37137127338473186,-0.8124496106679489,-0.5186978308002739
1.0,0.8944757996398627,-0.7671164161377011,17.720238099310407
-0.4324774160949165,0.09921608949033112,0.38998410995102684,-0.47252308946700294
1.0,1.0,-1.0,38.6568191278213
0.26312264923459283,-0.5596637247470642,-0.022709505524852736,1.3900347146183658
-0.9730796163937578,-0.1936739439382913,1.0,4.639313636615321
1.0,1.0,-0.6666971448898269,24.42633274510844
-1.0,-0.13302051170878726,0.09026607821112309,-4.1909983556802555
-1.0,0.24964039326603205,0.6489330679248051,-3.5588973200562286
-0.11257632543175,1.0,0.5258497701031004,7.661215141200113
0.12168103123889806,0.5348638680929367,-1.0,-3.4288630366450117
0.12027490008292374,0.21984975996087175,-0.5655286785055578,0.5828515023819686
-1.0,0.6609862734160405,0.6154754846999144,-3.3669948439875528
0.26909895214723556,0.4240563612110335,0.8221268649581961,0.7277311203344796
-0.20853853700157732,0.7706329919216972,-0.2454091233172817,1.247717234030004
-0.9711051718975756,1.0,1.0,17.026969267656114
-0.9888186309236209,0.12282469704186849,0.6937246259667118,-2.7430293481628096
-0.1681843287037712,-0.6812073353879078,-0.43803121708907145,1.2210660055711962
-0.5292683967511058,0.9539693861898371,0.6084279388935159,4.0372030585772265
0.5175518489575772,-1.0,0.6998678053012215,-0.9947400177730907
-1.0,-0.4614489260750878,-0.16125713551764265,-1.0246723254727814
-0.9396076269507501,-1.0,0.8771731280997037,15.113287240458131
-1.0,-1.0,0.16512548423386897,9.37905719907273
-0.7115085686201563,-1.0,-1.0,-6.551072613964323
-0.23262018445132338,-1.0,-0.8770415858755416,-8.363011918441622
0.06580998568991459,-0.17195947736528283,-1.0,-3.8604780660042897
-0.15574413390041686,0.3784850549736223,-0.36793421065487597,-0.43434783092444457
-1.0,0.2856737138239407,-0.5830926206323466,-0.10294529903700861
0.372805302735153,0.9111943478760944,-0.12448773782624167,5.201568728171253
0.29957201942329514,-0.9184591074943611,0.4660197906968111,1.4353330046731247
-0.45102021297010664,-0.6548323849786131,-0.14741589722281012,2.4383010464439288
-0.2020901131580084,1.0,1.0,13.863565871181788
-0.6698578672750906,-0.06999105062853705,-0.2879410534591602,-0.7788672764348665
0.25162756260577956,-1.0,0.4847957002385599,0.31196262754132165
0.23907165585640167,1.0,0.9247742429281891,9.569917144910008
-0.8943974227026341,1.0,-0.9416187703662706,7.422690266192192
-0.2693684848488789,-0.9833497976793897,0.4287386147475041,1.395170556451456
-0.9783542275010113,0.2501348202639999,-0.2704590631399246,-3.1201319760622437
-0.8062263014757747,-1.0,-1.0,-3.732167545886402
0.7610682653505456,1.0,-0.46314420539324197,12.194084083314214
0.774321044800854,-0.47000950771690553,-0.05240627846544199,0.8974935011767777
0.08643560135339601,-0.500553352690599,-0.29008102729948826,0.8033839677940942
0.517937105440367,0.5769850803137704,-0.15699285231105953,1.6436451032586876
-0.4005864266435242,0.8790433436491869,-1.0,-2.509794454795917
-0.580953622409871,0.7292889571731447,-0.539765846444066,-1.7396622299098725
-0.7850818582761812,1.0,-1.0,3.032660102305939
0.672051158708491,-0.6297443424907114,1.0,-2.5811977704715896
-0.5844571221525823,-0.7540404410444177,-0.9004914798309469,-1.8935609455617426
-0.6670858991472826,-0.9874920194630661,1.0,0.9362209304480218
0.20088025710780255,-0.270796241212764,-1.0,-4.472057276060044
0.7243588022496077,0.968613222356447,-0.9183392986695145,10.979297694014338
-0.6855171196669922,0.0799714455977878,0.787911582855414,-0.18977373170521308
1.0,-0.018774885101868755,0.25093690545615166,5.096495803161251
0.018317739736582794,1.0,-1.0,4.646041594251086
-1.0,1.0,0.8160182555712416,3.614306907295582
0.27669423512016733,-1.0,0.2003534307594188,0.5193449712962901
1.0,-0.7185525051951716,0.705802377352049,3.1900525607587404
1.0,-0.18513424519512545,0.49261605529957886,5.36427875606357
0.5455923981037283,0.3502597800578171,0.17413423336599343,1.237801292534571
-1.0,-0.5814626071973583,-1.0,5.333224440002637
0.1841899632179882,1.0,0.8601533391397205,10.287115975376832
0.49167057169580164,-0.24470020575485152,-1.0,-3.7361110443168783
-1.0,0.4410843580444326,0.7775209316614851,-3.314303402906732
0.32000767452446643,-0.016538005019335333,-0.5871787440734515,2.0372657544089607
0.008992403200819732,1.0,0.6610474179495069,9.114146374305207
-0.7293405624800271,-0.8323474816525429,-0.7709348447980415,0.8023376765115036
-0.26482704416443137,-1.0,-1.0,-14.863611120352726
0.6287285064305437,-0.757315279717832,-1.0,-10.520446241313847
0.14385954049976313,-1.0,0.5100105205666254,0.43696407131021886
-0.5791290995748761,0.3911110207404709,0.504394262836164,-1.7083109338663809
-1.0,-0.4353227615368158,-0.6936548996947811,0.2301983817528384
0.11972606470151059,-0.37410800792839516,1.0,-1.5457692755155594
0.3380779083529337,0.35798772514260246,0.43420915071028165,0.4725973493460193
1.0,-0.45503869371378225,-0.6027090405867508,4.605937504334193
0.6902457714210855,-0.6827658471951386,0.3686765707459545,0.13112208127357705
1.0,0.1819590353615752,-0.04751470122761825,6.080903122332307
1.0,0.8520588226794235,-0.8499750875500993,16.309231897281045
-1.0,1.0,-0.8825331424834044,16.545640278573316
-0.24754234869185043,1.0,0.780955712706723,9.628945786801987
-0.8657700176737431,-0.2076201983549717,0.02441251283003454,-1.5101705804335808
0.4111783666164226,-0.1488586793865847,-1.0,-3.647286743428659
-1.0,1.0,-0.7334362028344747,13.23056617180145
0.46025335341835216,1.0,0.49123983412827466,7.634950392914897
0.7424039113619469,-0.10858891408327653,-1.0,-1.8233473954771964
-0.05312595243471985,0.02531188830393294,0.6183470232733563,0.7299053965276273
1.0,0.22133306425277954,-0.21157485385755792,4.463680097462708
-0.06251700384249981,-1.0,-0.9077152021357686,-11.600835274365297
1.0,0.9583358366182664,0.5947059751326615,14.42087370644557
0.274760067908391,-0.17818519817546163,0.8346141949460633,-0.5612910312881711
-1.0,-0.7108310392879544,1.0,14.421147072053264
0.47705704316168873,-0.49186459451948705,-0.2562852275259715,0.7813273127858821
-0.2829527424892564,0.7666898784727421,-0.8821975054760591,-2.8980108570849734
-0.54989667707164,0.07177815089513473,-0.1360967110263085,-0.9264141943904702
0.3183597299050631,0.0059148920180356335,0.301967265769324,0.8562517937174018
1.0,0.45927073533621576,-0.17805746713903248,5.691658910117088
-1.0,0.6141595534135433,-0.05735311746272731,-2.2319834010827355
1.0,-0.4710916104525924,-0.5170649241933583,5.355434928693665
0.5022705353812145,0.9526275842671903,1.0,9.442089075857755
-1.0,-0.44010958718998383,-0.30385696869430223,-2.1855219503006564
-0.5823618197304303,-0.4332636367148741,0.700684492283788,1.4188129187920175
0.996721001014101,-0.0018126430850118336,0.18379995317193631,4.556554787836798
1.0,0.8765820295791875,-1.0,24.60775593177433
0.026727770485148072,-0.7816180916733229,0.11860220532966581,1.850747891771802
1.0,-0.9858087724999895,1.0,-8.642871070682778
0.9136410265206694,-0.47394904926011017,0.028733192843288125,2.0206996885780932
-0.43773261372908245,-0.34871541037933085,-1.0,-1.7308032339938353
0.6376147603814604,-0.857304484348486,1.0,-5.1307885945463925
-0.5573094791615505,0.1920339120642025,0.36376149421246096,-0.5676861500492133
-0.8412592237866885,0.36571295248680036,-0.13888625927987497,-3.013314652306937
0.1273456504488415,-0.9685658547580598,0.9771479730143267,-5.5961424577297905
-0.11093578698976203,1.0,0.5230192979657373,7.54107122114144
-0.1989621251616378,1.0,1.0,14.365218254680087
1.0,0.37673257233109547,0.42974346187642576,8.158169282730372
-0.16623978800097672,-0.6905837989300927,1.0,-1.1315194526472847
0.34788622935451596,0.517282670431543,0.1871726206302866,0.8776884576933746
0.1918485318245957,1.0,-0.07670886767163765,9.060638722066905
-0.023352460964846333,-0.9405392782008193,0.10415689033077102,2.4010786100141233
1.0,-0.08729141493864945,-0.6270369998666343,5.636305589635757
-0.10371183559636932,0.8473560533310518,0.617145996822406,3.6264338254279136
0.880070021564868,0.07941833298993295,-0.8541536053049699,3.4617325090615183
-1.0,1.0,1.0,17.607500865429195
-0.0644347242444574,0.806659336439236,-1.0,-3.232217866535292
0.36238345681354844,-1.0,-0.8640197563181313,-12.696299979522074
-1.0,0.014805741858761268,1.0,3.876042158780924
0.05647949650876738,-0.025627123771798432,0.12985191535219442,1.0329475247472402
0.27310837359696305,0.1582256144871459,-0.11678644916803282,0.645226087689762
-0.44490444649538174,0.8535841699630489,-0.6043341797569988,0.7832439525245212
0.3117077089965574,0.6702392145546172,-0.35888736926304254,0.43288785859309065
-1.0,0.024814189528127306,0.9725106741315857,2.6438357958252454
0.5448080481209181,0.7582291185212557,-1.0,-2.0526857002984498
0.17183322042952676,1.0,-0.2581303427846222,9.88902083652781
0.7920820702334941,1.0,-0.9036835438976121,16.329039964613067
-1.0,0.08036608477715435,-0.11599631337853733,-3.680793963336883
-0.5787353266899953,-1.0,-0.07834552331699185,4.306575860800935
-0.368019730352813,0.44453958228025625,-0.3384494206242141,-0.31816498163398255
-0.19095496772829046,0.07588993036332625,-0.1676195962566167,-0.09971044309201338
-0.776669689277578,-0.4690430952382423,0.015101292043225856,0.9377615087363764
-0.4851935027601679,-0.8945999296324114,0.8599496721499125,0.7058045719892133
1.0,0.44530028668130095,0.6988118032854933,12.829895624773014
0.09589627311900695,-0.29238017361266233,0.09757781057551229,1.0828199309686364
-1.0,-0.8332639746659949,-0.5597885513421887,3.3656059084627126
-0.5461974728987373,0.6578292691704783,1.0,6.950177002111654
0.7975844200388842,-0.3426802089235852,-0.8755758623233354,0.5672350163400645
-0.31203927007719456,0.3855944898199757,0.25386629141356454,-0.5873084563275232
-1.0,0.18052587334319847,-1.0,13.55879938458504
-0.035070196442028356,-0.09354309001812666,-0.043826080819310276,0.910142667760117
-1.0,-1.0,-1.0,2.7600070741319147
-0.4307929332021292,1.0,0.5275551144675141,7.285482873945754
-0.8953289366910042,0.8369377296725198,0.4614234409875053,-2.324398270720865
0.3395841615449673,1.0,-1.0,5.451137754858568
-1.0,-0.4843333338814637,-0.00742940363631428,-1.2966171527030408
-0.6081033177770849,-0.18787336130039534,-0.3580472163829722,0.6091590588352243
-1.0,1.0,-0.21812698811887543,10.439636145280542
-1.0,1.0,1.0,17.046690853749574
0.9170927357095557,0.7255765194478445,-1.0,8.679429807411324
-0.3714468141193188,0.8066688060190323,-0.962179201991306,-3.4520701218798253
0.07014788707963793,0.8144106213333862,-0.005598897898355659,2.379035998374827
0.2289594126119312,-0.453539532220955,0.8731257271562876,-1.300985095292741
-0.9154604587920583,-0.3156049780292094,-1.0,6.281313301297431
1.0,-0.28556659583163,1.0,7.338914709331229
-0.26369817557205,-1.0,1.0,-5.9456632374555465
-0.4014220322930737,-0.6218794693299827,0.5092330773262699,0.38571982445899394
-1.0,0.42809184861985217,0.030398601358966548,-4.438153837362659
-0.2952237253370218,-0.4508299529514339,0.17022352506882132,1.030523871044611
